Workbook

Sheet 📋 Cover & Summary
A1: AI ReqInsight & Estimator
A2: Requirements Analysis & Quotation Report — docs/specs/requirement.md
A4: Project | B4: AI ReqInsight & Estimator
A5: Document | B5: docs/specs/requirement.md — SRS v1.1.0
A6: Generated | B6: 2026-06-21
A7: Analyzed by | B7: Claude Sonnet 4.6 (claude-sonnet-4-6)
A8: Currency | B8: USD
A10: Analysis Summary
A11: Category | B11: Count
A12: Clarification Items | B12: 6
A13: Risks Identified | B13: 6
A14: Gaps Found | B14: 6
A15: Suggestions | B15: 3
A16: Test Cases | B16: 12
A17: WBS Tasks | B17: 23
A20: Cost Summary
A21: Epic | B21: Dev Cost | C21: QA Cost | D21: BA Cost | E21: PM Cost | F21: Subtotal | G21: Buffer | H21: Total
A22: Foundation & Infrastructure | B22: 4500 | C22: 1575 | D22: 210 | E22: 0 | F22: 6285 | G22: 14% | H22: 7149.1875
A23: Document Ingestion & Parsing | B23: 6500 | C23: 2275 | D23: 210 | E23: 0 | F23: 8985 | G23: 19% | H23: 10669.688
A24: AI Analysis Core | B24: 9000 | C24: 2625 | D24: 1890 | E24: 250 | F24: 13765 | G24: 25% | H24: 17206.25
A25: Collaboration & Review | B25: 3500 | C25: 1225 | D25: 840 | E25: 250 | F25: 5815 | G25: 12% | H25: 6493.4167
A26: Estimation & Export | B26: 7250 | C26: 2100 | D26: 1470 | E26: 500 | F26: 11320 | G26: 20% | H26: 13584
A27: Non-Functional & DevOps | B27: 3500 | C27: 875 | D27: 0 | E27: 250 | F27: 4625 | G27: 12% | H27: 5164.5833
A28: GRAND TOTAL | B28: =SUM(B22:B27) | C28: =SUM(C22:C27) | D28: =SUM(D22:D27) | E28: =SUM(E22:E27) | F28: =SUM(F22:F27) | G28: =SUM(G22:G27) | H28: =SUM(H22:H27)

Sheet 🔍 Analysis Results
A1: ID | B1: Type | C1: Severity | D1: Module | E1: Title | F1: Description | G1: Recommendation
A2: CLR-01 | B2: Clarification | C2: High | D2: Ingestion | E2: Language support scope undefined | F2: SRS states the system 'prioritizes English and Vietnamese' but does not define what happens with other languages (Japanese, Chinese, etc.). Does the system reject them or process with degraded quality? | G2: Define an explicit supported-language list and the fallback behavior for unsupported languages.
A3: CLR-02 | B3: Clarification | C3: High | D3: Performance | E3: '50 concurrent sessions' scope unclear | F3: NFR-02 states 50 simultaneous sessions but does not specify whether this is per-organization or system-wide. A single enterprise client could exhaust the quota. | G3: Clarify: 50 per org, or 50 system-wide? Define per-org limits separately.
A4: CLR-03 | B4: Clarification | C4: Medium | D4: Performance | E4: Definition of 'page' for NFR-01 ambiguous | F4: NFR-01 defines '<50 pages must complete in ≤2 minutes'. A 'page' has no technical definition — is it 500 words, A4 paper, or a document page object? | G4: Redefine NFR-01 using token count (e.g., '<25,000 tokens ≤ 2 minutes') for testability.
A5: CLR-04 | B5: Clarification | C5: Medium | D5: Estimation | E5: Historical data source for FR-12 not specified | F5: FR-12 (Historical Learning) requires a database of past completed projects for semantic matching. No specification on how this data is seeded initially or who maintains it. | G5: Define the data migration plan: manual import, CSV upload, or auto-capture from approved WBS items going forward.
A6: CLR-05 | B6: Clarification | C6: Medium | D6: Collaboration | E6: Deep-link citation mechanism not defined | F6: FR-10 requires clicking an AI finding to highlight the original document segment. No specification on whether this is a page scroll, character offset highlight, or external link. | G6: Specify the citation format: (page, character_offset) or (chunk_id, section_header). Impacts parser and frontend implementation.
A7: CLR-06 | B7: Clarification | C7: Low | D7: Estimation | E7: Excel Tab 1 chart types not specified | F7: Appendix specifies Tab 1 must contain 'charts breaking down cost and effort by module' but does not specify chart types (pie, bar, stacked bar), axes, or which data to plot. | G7: Provide a mockup or specify chart type, data source columns, and grouping dimension.
A8: RSK-01 | B8: Risk | C8: Critical | D8: Security | E8: NFR-04 compliance: standard Claude API may violate no-training-data clause | F8: NFR-04 mandates that client documents must NOT be used as LLM training data and requires an Enterprise API with privacy commitment. Standard Anthropic API (Pay-as-you-go) does not guarantee this. Using it in production violates the SRS security requirement. | G8: Confirm Claude Enterprise contract (API tier with data privacy addendum) before production deployment. Document the contract clause in AGENTS.md.
A9: RSK-02 | B9: Risk | C9: High | D9: Performance | E9: Single RQ worker cannot support 50 concurrent sessions (NFR-02) | F9: Current architecture uses a single RQ worker process. 50 concurrent document analysis sessions would queue serially, violating the NFR-02 performance requirement. | G9: Deploy minimum 10 RQ workers with Kubernetes HPA or use a managed queue (AWS SQS + Lambda) for elastic scaling.
A10: RSK-03 | B10: Risk | C10: High | D10: AI Core | E10: Cold-start problem for FR-12 Historical Learning | F10: Semantic matching against historical projects requires an existing database. On day 1 there is no historical data, so effort estimates will be purely AI-generated with no calibration — potentially inaccurate for client-facing quotations. | G10: Seed with at least 20 historical projects before go-live. Define a manual import tool (CSV/Excel) for retrospective data entry.
A11: RSK-04 | B11: Risk | C11: High | D11: Ingestion | E11: OCR accuracy risk for complex PDF layouts | F11: Tesseract OCR (current implementation) has poor accuracy on PDFs with multi-column layouts, embedded tables, rotated text, or low-resolution scans. Missed text leads to incomplete analysis results. | G11: Set minimum resolution threshold (300 DPI). Plan AWS Textract upgrade path for production. Add OCR confidence score to Document record.
A12: RSK-05 | B12: Risk | C12: Medium | D12: AI Core | E12: LLM token context limit may truncate large documents | F12: Claude Sonnet has a 200K token context window. A 50-page requirements document with tables can exceed this when combined with the analysis prompt. Silent truncation would produce incomplete analysis without error. | G12: Implement chunk batching with sliding window. Add explicit validation: if total tokens > 150K, split into multiple LLM calls and merge results.
... A22: SUG-03 | B22: Suggestion | C22: Low | D22: Ingestion | E22: Store character offsets in chunks for deep-link citation | F22: Current chunker stores page_number and section_header but not character-level position. FR-10 deep-link citation requires knowing exactly where in the document a finding came from. | G22: Add char_start, char_end to DocumentChunk model. Update parsers to track position while extracting text.

Sheet 🧪 Test Cases
A1: ID | B1: Module | C1: Priority | D1: Type | E1: Title | F1: Test Steps | G1: Expected Result | H1: Acceptance Criteria
A2: TC-01 | B2: Ingestion | C2: High | D2: Happy Path | E2: Upload valid PDF (text-searchable) | F2: 1. Login as BA 2. POST /projects/{id}/documents with valid PDF ≤50MB 3. Poll status until 'done' | G2: Document record created, parse_status='done', chunks in DB with content | H2: FR-01, FR-03
A3: TC-02 | B3: Ingestion | C3: High | D3: Edge Case | E3: Upload file exceeding 50MB limit | F3: 1. POST /projects/{id}/documents with file > 50MB | G3: HTTP 400 with error code DOCUMENT_TOO_LARGE | H3: BR-01
A4: TC-03 | B4: Ingestion | C4: High | D4: Edge Case | E4: Upload unsupported file format (.exe) | F4: 1. POST /projects/{id}/documents with .exe file | G4: HTTP 400 with error code UNSUPPORTED_FORMAT | H4: BR-02
A5: TC-04 | B5: Ingestion | C5: Medium | D5: Happy Path | E5: Upload scanned PDF triggers OCR | F5: 1. Upload image-only PDF (no text layer) 2. Poll status until 'done' | G5: Document.ocr_applied=True, text extracted and chunks created | H5: FR-02
A6: TC-05 | B6: Security | C6: Critical | D6: Security | E6: Cross-tenant access returns 404 not 403 | F6: 1. Login as user from Org-A 2. GET /projects/{id} where project belongs to Org-B | G6: HTTP 404 (not 403 — must not reveal resource existence) | H6: KL-P-001, AGENTS.md Hard Rule #9
A7: TC-06 | B7: Auth | C7: High | D7: Security | E7: BA cannot approve Risk items | F7: 1. Login as BA 2. POST /analysis/{risk_result_id}/approve | G7: HTTP 403 FORBIDDEN | H7: BR-12
A8: TC-07 | B8: Auth | C8: High | D8: Security | E8: PM can approve Clarification items | F8: 1. Login as PM 2. POST /analysis/{clarification_id}/approve | G8: HTTP 200, status='approved' | H8: BR-12
A9: TC-08 | B9: Collaboration | C9: Medium | D9: Edge Case | E9: Approve already-approved item returns 409 | F9: 1. Approve a result 2. Attempt to approve same result again | G9: HTTP 409 ALREADY_APPROVED | H9: BR-11
A10: TC-09 | B10: Estimation | C10: High | D10: Happy Path | E10: Excel export uses formulas not hardcoded values | F10: 1. Generate WBS 2. GET /projects/{id}/export/quotation 3. Open file, change daily rate | G10: Total cost updates automatically — all cost cells are formulas | H10: FR-13, KL-P-002
A11: TC-10 | B11: Integration | C11: Medium | D11: Happy Path | E11: Sync WBS to Jira creates issues | F11: 1. Approve WBS items 2. POST /projects/{id}/sync/pm with tool='jira' | G11: Jira issues created, response contains created IDs | H11: FR-14
A12: TC-11 | B12: AI Core | C12: High | D12: Happy Path | E12: Analysis produces all 5 result types | F12: 1. Upload requirement.md 2. Wait for analysis 3. GET /projects/{id}/analysis | G12: Results include clarification, risk, gap, suggestion, test_case types | H12: FR-04, FR-05
A13: TC-12 | B13: Performance | C13: Medium | D13: Performance | E13: 50-page document analyzed in ≤2 minutes | F13: 1. Upload 50-page PDF 2. Measure time from upload to status='done' | G13: Total elapsed time ≤ 120 seconds | H13: NFR-01

Sheet 📊 WBS & Effort
A1: Code | B1: Type | C1: Title | D1: Complexity | E1: Dev (md) | F1: QA (md) | G1: BA (md) | H1: PM (md) | I1: Buffer %
A2: E1 | B2: Epic | C2: Foundation & Infrastructure | E2: =E4+E5+E6+E7 | F2: =F4+F5+F6+F7 | G2: =G4+G5+G6+G7 | H2: =H4+H5+H6+H7
A3: S1.1 | B3: Story | C3: Database, Auth & Tenant Setup | E3: =E4+E5+E6+E7 | F3: =F4+F5+F6+F7 | G3: =G4+G5+G6+G7 | H3: =H4+H5+H6+H7
A4: T1.1.1 | B4: Task | C4: PostgreSQL + pgvector migrations | D4: Simple | E4: 2 | F4: 1 | G4: 0 | H4: 0 | I4: 10
A5: T1.1.2 | B5: Task | C5: JWT auth + RBAC middleware | D5: Medium | E5: 3 | F5: 1.5 | G5: 0.5 | H5: 0 | I5: 15
A6: T1.1.3 | B6: Task | C6: Tenant isolation middleware + RLS | D6: Medium | E6: 2 | F6: 1 | G6: 0 | H6: 0 | I6: 20
A7: T1.1.4 | B7: Task | C7: MinIO storage + Redis queue setup | D7: Simple | E7: 2 | F7: 1 | G7: 0 | H7: 0 | I7: 10
A8: E2 | B8: Epic | C8: Document Ingestion & Parsing | E8: =E10+E11+E12+E13 | F8: =F10+F11+F12+F13 | G8: =G10+G11+G12+G13 | H8: =H10+H11+H12+H13
A9: S2.1 | B9: Story | C9: File Upload & Validation | E9: =E10+E11+E12+E13 | F9: =F10+F11+F12+F13 | G9: =G10+G11+G12+G13 | H9: =H10+H11+H12+H13
A10: T2.1.1 | B10: Task | C10: Multi-file upload API + validators | D10: Simple | E10: 2 | F10: 1 | G10: 0.5 | H10: 0 | I10: 10
A11: T2.1.2 | B11: Task | C11: PDF / DOCX / MD / TXT parsers | D11: Medium | E11: 4 | F11: 2 | G11: 0 | H11: 0 | I11: 20
A12: T2.1.3 | B12: Task | C12: Excel / CSV parsers + OCR engine | D12: Complex | E12: 4 | F12: 2 | G12: 0 | H12: 0 | I12: 25
A13: T2.1.4 | B13: Task | C13: Semantic chunking + vector embedding | D13: Medium | E13: 3 | F13: 1.5 | G13: 0 | H13: 0 | I13: 20
A14: E3 | B14: Epic | C14: AI Analysis Core | E14: =E16+E17+E18+E19+E20 | F14: =F16+F17+F18+F19+F20 | G14: =G16+G17+G18+G19+G20 | H14: =H16+H17+H18+H19+H20
A15: S3.1 | B15: Story | C15: LLM Abstraction & Analysis Pipeline | E15: =E16+E17+E18+E19+E20 | F15: =F16+F17+F18+F19+F20 | G15: =G16+G17+G18+G19+G20 | H15: =H16+H17+H18+H19+H20
A16: T3.1.1 | B16: Task | C16: LLM provider interface + Claude impl | D16: Medium | E16: 3 | F16: 1 | G16: 0 | H16: 0 | I16: 20
A17: T3.1.2 | B17: Task | C17: Analysis prompt engine + result parser | D17: Complex | E17: 5 | F17: 2 | G17: 2 | H17: 0.5 | I17: 30
A18: T3.1.3 | B18: Task | C18: Persona-based analysis (BA/PM/QA) | D18: Medium | E18: 2 | F18: 1 | G18: 1 | H18: 0 | I18: 20
A19: T3.1.4 | B19: Task | C19: Delta Analysis (v1 vs v2 comparison) | D19: Complex | E19: 4 | F19: 2 | G19: 1 | H19: 0 | I19: 30
A20: T3.1.5 | B20: Task | C20: AI Chatbot (semantic search + RAG) | D20: Complex | E20: 4 | F20: 1.5 | G20: 0.5 | H20: 0 | I20: 25
A21: E4 | B21: Epic | C21: Collaboration & Review | E21: =E23+E24+E25 | F21: =F23+F24+F25 | G21: =G23+G24+G25 | H21: =H23+H24+H25
A22: S4.1 | B22: Story | C22: Approval Workflow & Dashboard | E22: =E23+E24+E25 | F22: =F23+F24+F25 | G22: =G23+G24+G25 | H22: =H23+H24+H25
A23: T4.1.1 | B23: Task | C23: Analysis results dashboard API | D23: Simple | E23: 2 | F23: 1 | G23: 0.5 | H23: 0 | I23: 10
A24: T4.1.2 | B24: Task | C24: Approval / rejection workflow | D24: Medium | E24: 3 | F24: 1.5 | G24: 1 | H24: 0.5 | I24: 15
A25: T4.1.3 | B25: Task | C25: Interactive editing of AI results | D25: Simple | E25: 2 | F25: 1 | G25: 0.5 | H25: 0 | I25: 10
A26: E5 | B26: Epic | C26: Estimation & Export | E26: =E28+E29+E30+E31 | F26: =F28+F29+F30+F31 | G26: =G28+G29+G30+G31 | H26: =H28+H29+H30+H31
A27: S5.1 | B27: Story | C27: WBS Generation & Rate Card | E27: =E28+E29+E30+E31 | F27: =F28+F29+F30+F31 | G27: =G28+G29+G30+G31 | H27: =H28+H29+H30+H31
A28: T5.1.1 | B28: Task | C28: Rate card CRUD API | D28: Simple | E28: 1.5 | F28: 0.5 | G28: 0.5 | H28: 0 | I28: 10
A29: T5.1.2 | B29: Task | C29: AI-driven WBS generation | D29: Complex | E29: 5 | F29: 2 | G29: 2 | H29: 1 | I29: 30
A30: T5.1.3 | B30: Task | C30: Excel quotation export (4-tab) | D30: Medium | E30: 4 | F30: 2 | G30: 1 | H30: 0 | I30: 20
A31: T5.1.4 | B31: Task | C31: PM tools sync (Jira/Linear/ClickUp) | D31: Medium | E31: 4 | F31: 1.5 | G31: 0 | H31: 0 | I31: 20
A32: E6 | B32: Epic | C32: Non-Functional & DevOps | E32: =E34+E35+E36 | F32: =F34+F35+F36 | G32: =G34+G35+G36 | H32: =H34+H35+H36
A33: S6.1 | B33: Story | C33: Security, Performance, Scalability | E33: =E34+E35+E36 | F33: =F34+F35+F36 | G33: =G34+G35+G36 | H33: =H34+H35+H36
A34: T6.1.1 | B34: Task | C34: AES-256 encryption at-rest + TLS 1.3 | D34: Simple | E34: 2 | F34: 1 | G34: 0 | H34: 0 | I34: 10
A35: T6.1.2 | B35: Task | C35: Multi-worker RQ scaling configuration | D35: Simple | E35: 2 | F35: 0.5 | G35: 0 | H35: 0 | I35: 15
A36: T6.1.3 | B36: Task | C36: Docker Compose + CI/CD pipeline | D36: Medium | E36: 3 | F36: 1 | G36: 0 | H36: 0.5 | I36: 10
C37: TOTAL | E37: =E4+E5+E6+E7+E10+E11+E12+E13+E16+E17+E18+E19+E20+E23+E24+E25+E28+E29+E30+E31+E34+E35+E36 | F37: =F4+F5+F6+F7+F10+F11+F12+F13+F16+F17+F18+F19+F20+F23+F24+F25+F28+F29+F30+F31+F34+F35+F36 | G37: =G4+G5+G6+G7+G10+G11+G12+G13+G16+G17+G18+G19+G20+G23+G24+G25+G28+G29+G30+G31+G34+G35+G36 | H37: =H4+H5+H6+H7+H10+H11+H12+H13+H16+H17+H18+H19+H20+H23+H24+H25+H28+H29+H30+H31+H34+H35+H36

Sheet 💰 Rate Card & Cost
A1: Personnel Rate Card (USD / Man-Day)
A2: Role | B2: Seniority | C2: Daily Rate (USD) | D2: Notes
A3: Dev | B3: Junior | C3: 350 | D3: Configurable
A4: Dev | B4: Mid | C4: 500 | D4: Configurable
A5: Dev | B5: Senior | C5: 700 | D5: Configurable
A6: QA | B6: Junior | C6: 250 | D6: Configurable
A7: QA | B7: Mid | C7: 350 | D7: Configurable
A8: QA | B8: Senior | C8: 450 | D8: Configurable
A9: BA | B9: Junior | C9: 300 | D9: Configurable
A10: BA | B10: Mid | C10: 420 | D10: Configurable
A11: BA | B11: Senior | C11: 600 | D11: Configurable
A12: PM | B12: Junior | C12: 350 | D12: Configurable
A13: PM | B13: Mid | C13: 500 | D13: Configurable
A14: PM | B14: Senior | C14: 700 | D14: Configurable
A18: Cost Calculation (formulas reference Rate Card above and WBS sheet)
A19: Epic / Module | B19: Dev (md) | C19: QA (md) | D19: BA (md) | E19: PM (md) | F19: Dev Cost | G19: QA Cost | H19: BA Cost | I19: PM Cost | J19: Subtotal | K19: Buffer% | L19: Total
A20: Foundation & Infrastructure | B20: ='📊 WBS & Effort'!E2 | C20: ='📊 WBS & Effort'!F2 | D20: ='📊 WBS & Effort'!G2 | E20: ='📊 WBS & Effort'!H2 | F20: =B20*C4 | G20: =C20*C7 | H20: =D20*C10 | I20: =E20*C13 | J20: =F20+G20+H20+I20 | K20: 10% | L20: =J20*(1+K20/100)
A21: Document Ingestion & Parsing | B21: ='📊 WBS & Effort'!E8 | C21: ='📊 WBS & Effort'!F8 | D21: ='📊 WBS & Effort'!G8 | E21: ='📊 WBS & Effort'!H8 | F21: =B21*C4 | G21: =C21*C7 | H21: =D21*C10 | I21: =E21*C13 | J21: =F21+G21+H21+I21 | K21: 20% | L21: =J21*(1+K21/100)
A22: AI Analysis Core | B22: ='📊 WBS & Effort'!E14 | C22: ='📊 WBS & Effort'!F14 | D22: ='📊 WBS & Effort'!G14 | E22: ='📊 WBS & Effort'!H14 | F22: =B22*C4 | G22: =C22*C7 | H22: =D22*C10 | I22: =E22*C13 | J22: =F22+G22+H22+I22 | K22: 30% | L22: =J22*(1+K22/100)
A23: Collaboration & Review | B23: ='📊 WBS & Effort'!E21 | C23: ='📊 WBS & Effort'!F21 | D23: ='📊 WBS & Effort'!G21 | E23: ='📊 WBS & Effort'!H21 | F23: =B23*C4 | G23: =C23*C7 | H23: =D23*C10 | I23: =E23*C13 | J23: =F23+G23+H23+I23 | K23: 15% | L23: =J23*(1+K23/100)
A24: Estimation & Export | B24: ='📊 WBS & Effort'!E26 | C24: ='📊 WBS & Effort'!F26 | D24: ='📊 WBS & Effort'!G26 | E24: ='📊 WBS & Effort'!H26 | F24: =B24*C4 | G24: =C24*C7 | H24: =D24*C10 | I24: =E24*C13 | J24: =F24+G24+H24+I24 | K24: 20% | L24: =J24*(1+K24/100)
A25: Non-Functional & DevOps | B25: ='📊 WBS & Effort'!E32 | C25: ='📊 WBS & Effort'!F32 | D25: ='📊 WBS & Effort'!G32 | E25: ='📊 WBS & Effort'!H32 | F25: =B25*C4 | G25: =C25*C7 | H25: =D25*C10 | I25: =E25*C13 | J25: =F25+G25+H25+I25 | K25: 15% | L25: =J25*(1+K25/100)
A26: GRAND TOTAL | B26: =SUM(B20:B25) | C26: =SUM(C20:C25) | D26: =SUM(D20:D25) | E26: =SUM(E20:E25) | F26: =SUM(F20:F25) | G26: =SUM(G20:G25) | H26: =SUM(H20:H25) | I26: =SUM(I20:I25) | ... L26: =SUM(L20:L25)

Sheet 📝 Assumptions & Exclusions
A1: Technical Assumptions & Out-of-Scope Exclusions
A3: ASSUMPTIONS
A4: # | B4: Category | C4: Assumption | D4: Impact if Wrong
A5: 1 | B5: Infrastructure | C5: Client provides PostgreSQL 15+ with pgvector extension enabled | D5: Migration required if older version
A6: 2 | B6: LLM Contract | C6: Anthropic Enterprise API contract with no-training-data clause is in place before production launch (NFR-04) | D6: Legal/compliance risk if standard API used
A7: 3 | B7: Rate Card | C7: Rates in this document are indicative (Mid seniority). Final rates to be confirmed with client | D7: Cost delta up to ±40% depending on seniority mix
A8: 4 | B8: Document Quality | C8: Input documents are reasonably structured. Machine-readable PDFs preferred; scanned PDFs may have lower analysis accuracy | D8: OCR errors may degrade analysis quality
A9: 5 | B9: Historical Data | C9: Effort estimates are based on AI analysis only. Historical project calibration data (FR-12) not yet available at MVP stage | D9: Estimates carry ±25% uncertainty without historical data
A10: 6 | B10: Language | C10: Primary document language is English. Vietnamese language support available but may have lower LLM analysis quality | D10: Non-English documents may produce fewer findings
A11: 7 | B11: Concurrency | C11: MVP targets ≤10 concurrent users. Scaling to NFR-02 (50 concurrent) requires additional worker infrastructure investment | D11: Additional infrastructure cost for scale-up
A12: 8 | B12: Integrations | C12: Jira/Linear/ClickUp OAuth credentials must be configured per organization by admin before sync feature is available | D12: Sync feature unavailable without prior configuration
A15: OUT OF SCOPE (Auto-extracted from Risk & Gap Analysis)
A16: # | B16: Item | C16: Reason Out of Scope | D16: Source
A17: 1 | B17: Frontend / Web Dashboard UI | C17: SRS defines backend API only. Frontend development is a separate engagement. | D17: Architecture Decision
A18: 2 | B18: Mobile application (iOS / Android) | C18: SRS specifies Web Dashboard only (NFR-07). Mobile not mentioned. | D18: NFR-07
A19: 3 | B19: Delta Analysis (v1 vs v2 comparison) | C19: FR-06 identified as a Gap — not implemented in current sprint scope. | D19: GAP-04
A20: 4 | B20: Word (.docx) export for Clarifications | C20: Export format not implemented. Identified as a gap. | D20: GAP-03
A21: 5 | B21: Historical Learning calibration data | C21: No historical project database exists at MVP stage (FR-12 cold-start risk). | D21: RSK-03
A22: 6 | B22: Real-time WebSocket notifications | C22: Current polling mechanism sufficient for MVP. WebSocket is a post-MVP enhancement. | D22: SUG-01
A23: 7 | B23: Multi-language UI (i18n) | C23: UI internationalization not specified in SRS. | D23: Not in SRS
A24: 8 | B24: Third-party SSO (Google/SAML) | C24: SRS specifies JWT auth only. SSO integration is a future enhancement. | D24: Not in SRS
A25: 9 | B25: Data migration from legacy systems | C25: No legacy system integration specified. Historical data import is manual CSV. | D25: RSK-03
